[
  {
    "id": "280efb0e-805f-46c5-849d-69566090d2bf",
    "imageUrl": "image-1703089197995-790269791.jpeg",
    "packageName": "UMRAH PACKAGE",
    "category": "POPULAR PACKAGES",
    "packageLocation": "EX AMD TO AMD",
    "packagePrice": "₹105000/-",
    "packageDate": "2023-12-21",
    "packageDurationDate": "15 Days",
    "packageDiscription": "This is new package with full details",
    "animinitiesinhotlel": "New services",
    "agentName": "Mo. Juned",
    "agentNumber": "9956473890"
  },
  {
    "id": "33676740-a71c-4b57-b32c-70c753af7149",
    "imageUrl": "image-1703682945367-578890626.jpg",
    "packageName": "First Package",
    "category": "POPULAR PACKAGES",
    "packageLocation": "EX AMD TO AMD",
    "packagePrice": "105000/-",
    "packageDate": "2023-12-09",
    "packageDurationDate": "15 Days",
    "packageDiscription": "das dasd a",
    "animinitiesinhotlel": "asd asd asd das",
    "agentName": "Mo. Juned",
    "agentNumber": "9956473890"
  }
]